<?xml version="1.0" encoding="UTF-8"?>
<project-private xmlns="http://www.netbeans.org/ns/project-private/1">
    <editor-bookmarks xmlns="http://www.netbeans.org/ns/editor-bookmarks/2" lastBookmarkId="0"/>
    <open-files xmlns="http://www.netbeans.org/ns/projectui-open-files/2">
        <group>
            <file>file:/C:/Users/fab.cantieni.S124-C92108/Documents/NetBeansProjects/Projet_Mediatheque_v0.04/src/Class/Media_Livre.java</file>
            <file>file:/C:/Users/fab.cantieni.S124-C92108/Documents/NetBeansProjects/Projet_Mediatheque_v0.04/src/Vue/V_Home.java</file>
            <file>file:/C:/Users/fab.cantieni.S124-C92108/Documents/NetBeansProjects/Projet_Mediatheque_v0.04/src/Class/Commande.java</file>
        </group>
    </open-files>
</project-private>
