<?xml version="1.0" encoding="UTF-8"?>
<project-private xmlns="http://www.netbeans.org/ns/project-private/1">
    <editor-bookmarks xmlns="http://www.netbeans.org/ns/editor-bookmarks/2" lastBookmarkId="0"/>
    <open-files xmlns="http://www.netbeans.org/ns/projectui-open-files/2">
        <group>
            <file>file:/D:/wamp64/www/Mediatheque_Web_v0.04/vues/v_pied.php</file>
            <file>file:/D:/wamp64/www/Mediatheque_Web_v0.04/modeles/class.pdoMedProjet.php</file>
            <file>file:/D:/wamp64/www/Mediatheque_Web_v0.04/index.php</file>
            <file>file:/D:/wamp64/www/Mediatheque_Web_v0.04/vues/v_livre_fiche.php</file>
            <file>file:/D:/wamp64/www/Mediatheque_Web_v0.04/controleurs/c_gestionCompte.php</file>
            <file>file:/D:/wamp64/www/Mediatheque_Web_v0.04/util/traitement.php</file>
        </group>
    </open-files>
</project-private>
